behavior_type,silhouette_mean,n
Активный обходчик,0.24580122970421336,7
Быстрый,0.12457993527690023,13
Исследователь,0.15404818080089042,14
Медленный,0.2748066300122913,11
